Etat,Details,Prix,Adresse,Image_link
Neuf,Leve vitre pour Jeep simple et grand cherokee,65 000 ,Parcelles Assainies,https://i.roamcdn.net/hz/ed/listing-thumb-543w/4bb84b9d127d7cd2b0d34e5ea86ad8ac/-/horizon-files-prod/ed/picture/qrz8er0g/701f32bda940a4db6582ed2e4f1c9e5abe00a5fb.jpg
Neuf,Housse de voiture de luxe 5 places,60 000 ,Grand-Dakar,https://i.roamcdn.net/hz/ed/listing-thumb-543w/6ae062ace9dd3efaa4ff50180cb9d899/-/horizon-files-prod/ed/picture/q94z565/3bdde9ca8596248a7dce0fa248c41885c7dfbc2d.png
Neuf,Casques Moto Homologués ISI et DOT,1 ,Sicap Liberté,https://i.roamcdn.net/hz/ed/listing-thumb-543w/b2238e3ee537498df972ad8be9692c8a/-/horizon-files-prod/ed/picture/qrz8ek5m/29d24797758bed8da63d7fce32d11352d558abca.png
Neuf,Bâche noire toute neuve voiture Citroën C4 Aircross,100 000 ,Plateau,https://i.roamcdn.net/hz/ed/listing-thumb-543w/b1abc2e14d29ee1ba3d7c707d5b05145/-/horizon-files-prod/ed/picture/q8v4wnq0/48dee556df92ecb0fe3f6565e7a092c48f08b308.jpg
Neuf,Bache voiture 4x4 et SUV imperméable et doublé en coton,25 000 ,Grand-Dakar,https://i.roamcdn.net/hz/ed/listing-thumb-543w/d31b4dfb759dae88eb1109dd1289318c/-/horizon-files-prod/ed/picture/qpdp8wx2/876ca19313baf8b0e8aa112e675dfd20095de499.png
Neuf,Protège pare-brise,10 000 ,Grand-Dakar,https://i.roamcdn.net/hz/ed/listing-thumb-543w/c64232c117bc9719848ae7d9a5b1b462/-/horizon-files-prod/ed/picture/qwep6qkk/5cc368553ba50760b11b06ca8606cefd0e0822dc.jpg
Venant,Radio auto rav4,200 000 ,Plateau,https://i.roamcdn.net/hz/ed/listing-thumb-543w/72d8c06ef67b687536673c84e3328aba/-/horizon-files-prod/ed/picture/qgqwrkk9/478b39215f48c5b22113f84c10f11db0fd4df4ca.jpg
Neuf,PARE-BRISE ET VERRE PORTE,40 000 ,Médina,https://i.roamcdn.net/hz/ed/listing-thumb-543w/091bfcc8484748a848c896ec23946767/-/horizon-files-prod/ed/picture/qngdr50r/f465d9a72463e51dd50b7ca5f2e681cc0ba4b631.jpg
Neuf,RADIATEUR,60 000 ,Médina,https://i.roamcdn.net/hz/ed/listing-thumb-543w/fe0551799ac26be9573e31cff2fed151/-/horizon-files-prod/ed/picture/migrated/qq95xgk/f41ac2d0059a64c8576bc746374e2951b99720c5.jpg
Neuf,Mini scanner auto Outil de diagnostic voitures Bluetooth,7 000 ,Patte d‘oie,https://i.roamcdn.net/hz/ed/listing-thumb-543w/12ea13c65ddb56dda83be92bd29b61d0/-/horizon-files-prod/ed/picture/qkr8exp8/f4749b2e1da8db89c477e7ba499c916fdeb9d5f0.jpg
Neuf,PNEUS : VOITURES ET CAMIONS,40 000 ,Hann marinas,https://i.roamcdn.net/hz/ed/listing-thumb-543w/fe8be98091525c7d9d9cf2be83b7bbce/-/horizon-files-prod/ed/picture/qde7j708/a8c7351c36a550a4baec640cddcf0df0be6762fa.jpg
Neuf,"Scanner OBD2, Outil de diagnostic pour véhicules",20 000 ,Hann maristes,https://i.roamcdn.net/hz/ed/listing-thumb-543w/d3b15a160b8a3221242cd4b90bd4a0ed/-/horizon-files-prod/ed/picture/q56d5mmn/9c9c8b34eadd4aa79d7f84a28afecf21687a0d24.png
Neuf,Traceur GPS avec option arrêt moteur,25 000 ,Hann maristes,https://i.roamcdn.net/hz/ed/listing-thumb-543w/6b6103b9cd1acc2a5136579131af4c35/-/horizon-files-prod/ed/picture/q6xdmgrd/39e95b3571da6430ad32bb13a423f24f04675fc2.png
Neuf,# pare-brise automatique,45 000 ,Médina,https://i.roamcdn.net/hz/ed/listing-thumb-543w/fcdd8001d4b85766c6dfd984e42c8a99/-/horizon-files-prod/ed/picture/qpdmegx0/1cb1309f544b864c33e05947e3fcb0f90257fa4d.jpg
Neuf,Bache voiture 4x4 et SUV imperméable et doublé en coton,25 000 ,Grand-Dakar,https://i.roamcdn.net/hz/ed/listing-thumb-543w/0ff7699961dfccf6f0ad281e98752c7f/-/horizon-files-prod/ed/picture/qxj6q7zm/ebc17c7f0ab32cd1626fd6922d27eab048597174.png
Neuf,Nettoyeur Haute Pression sans Fil avec 2 batteries 48V,35 000 ,Grand-Dakar,https://i.roamcdn.net/hz/ed/listing-thumb-543w/56a7a32a1b1a705cb55ef4d57be4cbcb/-/horizon-files-prod/ed/picture/q2j0kj4e/0c0c73feece0e889133ede3c7dabe1afb64ec7bf.png
Neuf,PHARE LED BLANC POUR VOITURE,30 000 ,Hlm,https://i.roamcdn.net/hz/ed/listing-thumb-543w/5a82dc7de53515b8417de8af981f13a3/-eyJvciI6MjcwfQ%3D%3D/horizon-files-prod/ed/picture/q78wzj9m/9f3cde5c686767a47c36129458c5c3ff0d30328e.jpg
Neuf,Souffleur d'air Portatif à Jet électrique rechargeable,15 000 ,Castor,https://i.roamcdn.net/hz/ed/listing-thumb-543w/aae18803b59b62d8f3200af100af1f8c/-/horizon-files-prod/ed/picture/q2j060qg/0d7c3ff0bd08f44c81df76f1e1da031145f0e442.jpg
Neuf,GPS Tracker,25 000 ,Guediawaye,https://i.roamcdn.net/hz/ed/listing-thumb-543w/fea4c4bda3284afc582d94bf3cd49de2/-/horizon-files-prod/ed/picture/qpdme640/0e4bbc7f0c4107f6da2fb88d0b289018e35ea337.jpg
